ticker,revenue_ttm,ebitda_ttm,fcf_ttm,net_debt,price,shares_outstanding,float_cap,cap_flag,fetch_error
MMM,25180000000.0,6162000000.0,3985000000.0,9596000000.0,164.97,515722417.0,84935796383.77986,,
AOS,3804900000.0,758700000.0,639400000.0,456200000.0,57.39,110047214.0,7645909507.990505,,
ABT,45134000000.0,11836000000.0,7378000000.0,27244000000.0,101.95,1730383296.0,175347041761.87045,,
ABBV,64386000000.0,19484000000.0,18210000000.0,64253000000.0,257.12,1767117285.0,453556966899.9669,,
ACN,73100595000.0,12330716000.0,12581688000.0,-1776475000.0,183.9,611942109.0,112357209349.91354,,
ADBE,25198000000.0,10131000000.0,10280000000.0,1726000000.0,252.23,397500000.0,99941587122.83136,,
AMD,41305000000.0,10718000000.0,8403000000.0,-810000000.0,516.13,1632475042.0,837909942646.8849,,
AES,13054000000.0,3816000000.0,-1720000000.0,30317000000.0,14.79,713438630.0,10483276911.413914,,
AFL,18286000000.0,,2647000000.0,2523000000.0,115.28,501343298.0,57294351463.929276,,
A,7372000000.0,2035000000.0,1267000000.0,2191000000.0,146.93,281965813.0,41282137905.88098,,
APD,12602200000.0,1683000000.0,-301400000.0,16687000000.0,291.43,222685530.0,64804442213.11818,,
ABNB,13159000000.0,2914000000.0,4860000000.0,-4325000000.0,170.19,419529556.0,98582339120.30548,,
AKAM,4322834000.0,1261233000.0,629879000.0,6082571000.0,106.79,143716609.0,14997420538.461658,,
ALB,5907904000.0,986287000.0,1342372000.0,245096000.0,117.52,118005057.0,13821219175.373297,,
ARE,2760944000.0,687779000.0,1279448000.0,12342425000.0,51.14,172095277.0,7909332776.12889,,
ALGN,4139532000.0,906705000.0,633569000.0,-981749000.0,150.82,71039852.0,10088199175.945488,,
ALLE,4288500000.0,1035500000.0,671100000.0,1710500000.0,153.35,85036786.0,12968538565.2577,,
LNT,4419000000.0,2025000000.0,1288000000.0,11725000000.0,67.26,259284699.0,17382637318.429974,,
ALL,69347000000.0,,12249000000.0,6652000000.0,253.71,252857950.0,63763186086.45074,,
GOOGL,445867000000.0,326758000000.0,53273000000.0,42254000000.0,338.5,5867155790.0,4139833098240.0,float-cap-fallback-market-cap,
GOOG,445867000000.0,326758000000.0,53273000000.0,42254000000.0,335.45,5527000000.0,4102531842048.0,float-cap-fallback-market-cap,
MO,20444000000.0,11805000000.0,9112000000.0,22210000000.0,68.98,1669743926.0,114952035827.28552,,
AMZN,742776000000.0,188438000000.0,-2472000000.0,17258000000.0,256.78,10786313572.0,2519161517466.92,,
AMCR,23506000000.0,3437000000.0,1229000000.0,12897000000.0,42.32,462345690.0,19457267271.80338,,
AEE,8878000000.0,4171000000.0,-1345000000.0,21291000000.0,104.9,276843251.0,28858482500.373688,,
AEP,22790700000.0,9307800000.0,-2437000000.0,52461000000.0,123.33,544397352.0,67031091072.81123,,
AXP,75952000000.0,,15052000000.0,13883000000.0,324.69,675309833.0,169560861986.12125,,
AIG,26661000000.0,,3850000000.0,7637000000.0,75.33,522893169.0,39274920882.83076,,
AMT,10941500000.0,7407000000.0,3959800000.0,35427100000.0,177.85,465960048.0,82603327746.48962,,
AWK,5284000000.0,3024000000.0,-1223000000.0,15797000000.0,137.69,198728989.0,27307175730.643677,,
AMP,19503000000.0,,8064000000.0,-3716000000.0,557.61,88333219.0,49045160352.30407,,
AME,7863923000.0,2423871000.0,1824950000.0,1540728000.0,241.87,229261244.0,55105956177.16,,
AMGN,38095000000.0,17622000000.0,10175000000.0,43315000000.0,377.35,540632005.0,203452589184.68802,,
APH,25903800000.0,7954600000.0,4631700000.0,14620900000.0,83.92,2465966914.0,205596723313.91974,,
ADI,13881744000.0,7025615000.0,4937495000.0,6955713000.0,378.78,484565465.0,182859091728.6999,,
AON,17577000000.0,6732000000.0,3248000000.0,13905000000.0,302.69,212125434.0,63356205221.43305,,
APA,8806000000.0,5525000000.0,2102000000.0,3299000000.0,44.73,350351510.0,15571554298.106468,,
APO,35897000000.0,9520000000.0,9473000000.0,-13088000000.0,128.98,590543159.0,59976409315.49069,,
AAPL,466823000000.0,167959000000.0,136683000000.0,44800000000.0,332.27,14594180000.0,4840867231771.655,,
AMAT,30837000000.0,11631000000.0,5623000000.0,154000000.0,456.49,793597443.0,360889032375.72437,,
APP,6829124000.0,5550334000.0,4499271000.0,461766000.0,323.96,305732000.0,90213528408.46768,,
APTV,18725000000.0,2086000000.0,684000000.0,4593000000.0,45.54,207633331.0,9337710519.359257,,
ACGL,18595000000.0,,6055000000.0,3177000000.0,96.09,341229126.0,31445657618.944424,,
ADM,82099000000.0,3876000000.0,1677000000.0,6951000000.0,86.72,481959583.0,41438183062.74245,,
ARES,5987595000.0,2292811000.0,836147000.0,12207654000.0,131.64,223957742.0,42482431810.45214,,
ANET,10540800000.0,4639600000.0,5155300000.0,,199.59,1261224648.0,209462735104.62354,,
AJG,15754800000.0,3966700000.0,2285000000.0,12223000000.0,240.32,256341000.0,60931263944.73137,,
AIZ,13456200000.0,,1655600000.0,509400000.0,282.46,49323767.0,13827361925.743017,,
T,127239000000.0,53702000000.0,17654000000.0,126384000000.0,26.06,6852385650.0,178192803714.84433,,
ATO,4921526000.0,2673591000.0,-2020303000.0,9802914000.0,163.19,168988553.0,27448457845.506042,,
ADSK,7790000000.0,2376000000.0,2804000000.0,234000000.0,212.4,209000000.0,44271298891.65312,,
ADP,21947500000.0,6775400000.0,4776100000.0,734000000.0,268.26,397262737.0,106315009989.52577,,
AZO,19986404000.0,4274993000.0,1633222000.0,8762748000.0,2876.75,,,no-market-cap,
AVY,9248100000.0,1450400000.0,1033000000.0,3450900000.0,169.38,75788142.0,12740718636.289701,,
AXON,3219099000.0,406221000.0,133192000.0,1134113000.0,479.34,81237415.0,37056410527.80352,,
BKR,27725000000.0,5080000000.0,3128000000.0,526000000.0,59.06,992674071.0,58507144012.27978,,
BALL,14326000000.0,2128000000.0,827000000.0,6729000000.0,59.9,264703357.0,15793260142.626862,,
BAC,116983000000.0,,56567000000.0,133729000000.0,62.69,6992748365.0,436652567789.32007,,
BAX,11470000000.0,762000000.0,812000000.0,7309000000.0,23.8,516995999.0,12243843629.724907,,
BDX,20840000000.0,4411000000.0,2534000000.0,16100000000.0,177.85,272386800.0,48315621616.3058,,
BRK-B,420276000000.0,,21239000000.0,87990000000.0,510.37,1408035161.0,1092553998336.0,float-cap-fallback-market-cap,
BBY,42201000000.0,2580000000.0,1768000000.0,242000000.0,90.8,209727698.0,17858402230.486607,,
TECH,1215039000.0,347669000.0,263223000.0,87121000.0,72.12,156818238.0,11262909514.506077,,
BIIB,10027900000.0,2139100000.0,2490000000.0,6805300000.0,217.15,147753998.0,31968634251.237114,,
BLK,27299000000.0,11188000000.0,3515000000.0,2252000000.0,1079.65,154869259.0,162894376336.65482,,
BX,13613047000.0,,5486239000.0,10687657000.0,128.51,750625114.0,152925400953.90448,,
XYZ,25041964000.0,2840428000.0,3881840000.0,-4786297000.0,79.21,540816000.0,47154549198.476074,,
BNY,20408000000.0,,1455000000.0,-153281000000.0,162.66,678504142.0,110087362062.0389,,
BA,92184000000.0,7324000000.0,-1050000000.0,37768000000.0,210.45,790370020.0,159618488214.0217,,
BKNG,28241000000.0,11109000000.0,9539000000.0,2966000000.0,173.92,751380500.0,130257998016.66321,,
BSX,20996000000.0,5637000000.0,1806000000.0,11961000000.0,42.98,1449229526.0,62105380766.02667,,
BMY,49187000000.0,16816000000.0,11440000000.0,34398000000.0,63.64,2042714656.0,129796859009.43315,,
AVGO,89104000000.0,52349000000.0,39403000000.0,35444000000.0,361.99,4773629865.0,1706700006331.5486,,
BR,7476800000.0,1898900000.0,1233000000.0,2851700000.0,167.74,114021798.0,19036125838.75805,,
BRO,6664000000.0,2468000000.0,1446000000.0,6841000000.0,66.19,334610357.0,19033428365.867096,,
BF-B,3915000000.0,1090000000.0,925000000.0,2141000000.0,26.22,290383416.0,12031420416.0,float-cap-fallback-market-cap,
BLDR,14448703000.0,1032812000.0,639317000.0,4525663000.0,60.37,107596457.0,6305991546.679137,,
BG,91819000000.0,3117000000.0,-711000000.0,14666000000.0,122.41,192119123.0,19308881458.25185,,
BXP,3516454000.0,1979044000.0,1284500000.0,15124614000.0,64.7,159661556.0,11597677760.965506,,
CHRW,16198957000.0,895822000.0,807110000.0,1183062000.0,152.78,116851258.0,17784695118.270313,,
CDNS,5837623000.0,2276611000.0,1671720000.0,1041757000.0,289.37,275393000.0,79332654966.46371,,
CPT,1571752000.0,1156484000.0,370482000.0,4209824000.0,103.01,115732578.0,10363319864.923939,,
COF,61938000000.0,,29701000000.0,1730000000.0,208.3,613484836.0,126001133606.00533,,
CAH,254248000000.0,3478000000.0,4525000000.0,4030000000.0,234.57,232575728.0,54429268908.267296,,
CCL,27311000000.0,7167000000.0,3200000000.0,22646000000.0,22.75,1369649119.0,28906372491.75871,,
CARR,22108000000.0,3080000000.0,1928000000.0,10608000000.0,57.46,824325057.0,45054270964.269936,,
CVNA,25058000000.0,142000000.0,929000000.0,2606000000.0,69.16,719916415.0,75215525324.96532,,
CASY,18672331000.0,1554428000.0,648926000.0,1906464000.0,615.47,36960167.0,22586818326.32071,,
CAT,74729000000.0,16830000000.0,8994000000.0,38433000000.0,818.57,459674889.0,375087025481.2445,,
CBOE,5061300000.0,2064900000.0,1874500000.0,185700000.0,281.04,104431019.0,29238353819.149094,,
CBRE,43640000000.0,2197000000.0,938000000.0,6604000000.0,140.51,289575298.0,40405032191.8413,,
CDW,23500400000.0,1977000000.0,860200000.0,5455200000.0,153.79,125017426.0,19151446359.247707,,
COR,332771323000.0,5186821000.0,4060102000.0,8907950000.0,321.57,190827165.0,57962257201.91725,,
CNC,202938000000.0,-2731000000.0,8951000000.0,525000000.0,66.42,493995000.0,30798511510.75224,,
CNP,9620000000.0,3997000000.0,-2695000000.0,24593000000.0,39.11,658720288.0,25666455436.654728,,
CF,7739000000.0,4153000000.0,1904000000.0,736000000.0,133.07,151338130.0,19997998463.50316,,
CRL,3998987000.0,220471000.0,370605000.0,2427960000.0,278.26,48167730.0,13140618807.667599,,
SCHW,26025000000.0,,10789000000.0,5439000000.0,107.25,1729335714.0,174367090540.5562,,
CHTR,54396000000.0,21354000000.0,4358000000.0,96201000000.0,145.77,119277492.0,18980694998.1663,,
CVX,208711000000.0,55951000000.0,27012000000.0,28548000000.0,214.06,1961603274.0,399963926693.69244,,
CMG,12423759000.0,2296607000.0,1568985000.0,5190997000.0,36.2,1265418000.0,45442583188.84192,,
CB,62277000000.0,,15376000000.0,15605000000.0,338.25,385799859.0,118346249176.95517,,
CHD,6205400000.0,1292700000.0,1066700000.0,1702300000.0,94.15,237203907.0,22263516268.410954,,
CIEN,6020894000.0,971833000.0,814362000.0,784135000.0,349.54,141808525.0,49331313896.686104,,
CI,281336000000.0,12785000000.0,9113000000.0,25580000000.0,280.76,264240486.0,73825380910.00601,,
CINF,12928000000.0,,3439000000.0,-326000000.0,169.8,153478045.0,25567506571.061478,,
CTAS,11264761000.0,3124465000.0,1881175000.0,2139055000.0,201.5,400169561.0,68938181294.05978,,
CSCO,63325000000.0,20019000000.0,12767000000.0,22315000000.0,112.13,3942586873.0,441370510581.4275,,
C,91193000000.0,,-24511000000.0,36314000000.0,138.82,1677436783.0,232188823760.50586,,
CFG,8726000000.0,,2353000000.0,2482000000.0,70.48,421176788.0,29392742385.384098,,
CLX,6720000000.0,1168000000.0,405000000.0,4925000000.0,87.76,120931005.0,10577352737.259579,,
CME,6772600000.0,6101400000.0,4212700000.0,1280000000.0,275.54,359576125.0,97726903374.60005,,
CMS,8813000000.0,3314000000.0,-2103000000.0,18801000000.0,67.15,313577136.0,20915416030.9513,,
KO,50129000000.0,19831000000.0,14297000000.0,30636000000.0,88.29,4302549243.0,342036794865.4112,,
CTSH,21642000000.0,4102000000.0,2598000000.0,522000000.0,60.0,450444209.0,26948546142.13884,,
COHR,7118181000.0,1559895000.0,-1030569000.0,2060206000.0,305.37,195832246.0,59569259738.78723,,
COIN,6282872000.0,-901225000.0,1713665000.0,-1945775000.0,175.26,222803032.0,45602012121.47298,,
CL,21046000000.0,3839000000.0,3858000000.0,6487000000.0,86.8,797172829.0,64957126965.88837,,
CMCSA,124905000000.0,34134000000.0,17817000000.0,82720000000.0,25.2,3539192198.0,88718324846.52742,,
FIX,11228024000.0,2000175000.0,2159806000.0,-1526761000.0,1690.82,35194329.0,59507273728.0,float-cap-fallback-market-cap,
COP,63345000000.0,27787000000.0,10064000000.0,16716000000.0,137.35,1201337479.0,164648948341.6012,,
ED,17688000000.0,6476000000.0,-862000000.0,26344000000.0,106.46,369828633.0,39316048009.844154,,
STZ,9056700000.0,3286200000.0,1834200000.0,10437200000.0,122.45,170752511.0,19329845797.576897,,
CEG,31270000000.0,8229000000.0,309000000.0,24003000000.0,284.75,354307379.0,100559119479.97551,,
COO,4236900000.0,935600000.0,678000000.0,2387300000.0,53.91,190155294.0,10180025866.077404,,
CPRT,4638867000.0,1919218000.0,1339233000.0,-3261026000.0,29.95,925811482.0,25353654418.537605,,
GLW,16964000000.0,4199000000.0,2395000000.0,5920000000.0,166.4,861388331.0,131551442814.84326,,
CPAY,5020502000.0,2551576000.0,1638406000.0,7459992000.0,408.22,65659599.0,25755543333.404205,,
CTVA,17889000000.0,3146000000.0,2046000000.0,1392000000.0,83.9,667196000.0,55831644476.89648,,
CSGP,3555500000.0,394000000.0,227000000.0,-64000000.0,30.46,405197588.0,12237408391.48908,,
COST,293587000000.0,14463000000.0,8806000000.0,-10810000000.0,904.77,443478804.0,398939819640.2493,,
CRH,38632000000.0,8261000000.0,2766000000.0,14901000000.0,88.55,665284511.0,58747168762.24683,,
CRWD,5396145000.0,436857000.0,1522603000.0,-4193668000.0,206.74,1023934842.0,208047253781.929,,
CCI,4161000000.0,2684000000.0,2406000000.0,17197000000.0,75.62,437000000.0,32097012363.24775,,
CSX,14512000000.0,6702000000.0,2796000000.0,17857000000.0,48.95,1852474917.0,90489283844.51505,,
CMI,34708000000.0,5289000000.0,3367000000.0,4516000000.0,556.75,137664487.0,76320488877.16986,,
CVS,415086000000.0,13411000000.0,11758000000.0,50081000000.0,94.66,1278970369.0,120830047782.77293,,
DHR,25107000000.0,7585000000.0,5466000000.0,22210000000.0,200.14,702986054.0,125261322903.75333,,
DRI,13210900000.0,2146000000.0,1087900000.0,2147800000.0,209.89,113541756.0,23831279616.0,float-cap-fallback-market-cap,
DDOG,3966725000.0,281700000.0,1072769000.0,550588000.0,221.21,334904614.0,78965392659.111,,
DVA,14009646000.0,2771832000.0,1609804000.0,10112050000.0,181.55,63800000.0,6162097471.488,,
DECK,5527289000.0,1390224000.0,1117808000.0,-1130255000.0,81.27,136181857.0,10961993954.286266,,
DE,46882000000.0,11687000000.0,3229000000.0,54865000000.0,675.74,269625412.0,181828629326.4445,,
DELL,151197000000.0,18411000000.0,8560000000.0,22897000000.0,567.29,315433188.0,333898753678.03534,,
DAL,68287000000.0,5709000000.0,3410000000.0,9287000000.0,79.91,657623030.0,51920713139.273,,
DVN,19676000000.0,8804000000.0,1477000000.0,10379000000.0,50.23,1100000000.0,54794400290.4064,,
DXCM,4969200000.0,1559100000.0,1405000000.0,137800000.0,83.03,377360765.0,31217901155.384117,,
FANG,16982000000.0,7378000000.0,3682000000.0,12152000000.0,204.97,280019792.0,41850149337.604546,,
DLR,6340228000.0,3819492000.0,2545472000.0,15570002000.0,188.58,370998727.0,67263793206.87388,,
DG,43637998000.0,3516317000.0,2010656000.0,2981225000.0,124.58,220616790.0,27238452836.87329,,
DLTR,20068700000.0,2912500000.0,1977100000.0,1875400000.0,118.17,187630299.0,20970757174.153458,,
D,18119000000.0,8710000000.0,-6342000000.0,53128000000.0,64.36,879525949.0,56493077333.59528,,
DPZ,5027815000.0,1052394000.0,653470000.0,4718808000.0,311.6,33081735.0,9418665352.490997,,
DASH,15891000000.0,1763000000.0,2139000000.0,-1119000000.0,201.95,409082893.0,81753536655.2103,,
DOV,8420564000.0,1919336000.0,1171676000.0,1504017000.0,189.05,134680225.0,25277466629.004288,,
DOW,41319000000.0,2651000000.0,1599000000.0,13189000000.0,29.03,722340711.0,20918805542.55336,,
DHI,33349900000.0,3922600000.0,3202200000.0,5033600000.0,137.89,279701267.0,34553851257.49581,,
DTE,16515000000.0,4316000000.0,-1490000000.0,26462000000.0,132.58,208088069.0,27437131118.42507,,
DUK,33250000000.0,17710000000.0,-4274000000.0,90565000000.0,119.42,779702193.0,92846664015.01297,,
DD,4701000000.0,934000000.0,647000000.0,1385000000.0,126.99,135042975.0,17077766885.602242,,
ETN,30025000000.0,6449000000.0,3934000000.0,20128000000.0,425.37,388400000.0,164922923983.83105,,
EBAY,12008000000.0,3198000000.0,2428000000.0,4425000000.0,107.75,445000000.0,43079555199.3856,,
ECHO,14653925000.0,-5612481000.0,-827707000.0,16991715000.0,93.14,159142240.0,23369082540.526207,,
ECL,16842500000.0,3983500000.0,1874500000.0,8040900000.0,276.18,280328603.0,77266307964.47708,,
EIX,19423000000.0,10123000000.0,-389000000.0,42161000000.0,56.0,384813979.0,21486442057.42984,,
EW,6512300000.0,1652200000.0,1433600000.0,-2202100000.0,84.37,576400000.0,48470388144.947205,,
ELV,201113000000.0,,6289000000.0,20812000000.0,418.72,216869290.0,90597743671.30981,,
EME,18597775000.0,2155526000.0,1171382000.0,-382483000.0,780.66,44109901.0,34170719205.590004,,
EMR,18636000000.0,5342000000.0,3460000000.0,10933000000.0,152.19,557800000.0,84557109629.09184,,
ETR,13287438000.0,6243253000.0,-3150947000.0,30487390000.0,105.33,477777482.0,48925189003.45293,,
EOG,26637000000.0,13905000000.0,6614000000.0,3019000000.0,147.36,524529176.0,77030277119.15717,,
EQT,9478998000.0,6933063000.0,3758333000.0,5542851000.0,54.07,625516000.0,33475317229.68224,,
EFX,6444500000.0,1910100000.0,1105000000.0,5297000000.0,169.0,117484896.0,19769969233.02816,,
EQIX,9805000000.0,4459000000.0,-1464000000.0,18730000000.0,1037.72,98671686.0,101999362189.4971,,
ERIE,4185570000.0,,553083000.0,,245.03,46189068.0,6973092012.56801,,
ESS,1926734000.0,1314137000.0,990799000.0,6640173000.0,272.91,64268439.0,18603092460.703026,,
EL,15049000000.0,1647000000.0,1316000000.0,3808000000.0,97.12,247291223.0,34997774877.49317,,
EG,16435000000.0,,2000000000.0,2472000000.0,371.71,38342734.0,9660974413.30255,,
EVRG,6093900000.0,2863800000.0,-1405800000.0,16476200000.0,81.62,230567172.0,18709367857.132004,,
ES,13933344000.0,5634717000.0,236707000.0,30069511000.0,68.52,376674754.0,25769230778.185722,,
EXC,25326000000.0,9336000000.0,-1916000000.0,50860000000.0,43.16,1030253967.0,44465762304.0,float-cap-fallback-market-cap,
EXE,13665000000.0,6685000000.0,2477000000.0,3022000000.0,94.83,231503789.0,21842201028.16651,,
EXPE,15700000000.0,3693000000.0,4459000000.0,748000000.0,280.83,114498625.0,33426987844.3459,,
EXPD,12036002000.0,1238286000.0,923864000.0,-464163000.0,192.6,129990622.0,24851679054.344563,,
EXR,3413572000.0,2395280000.0,1838919000.0,13031539000.0,137.64,211269558.0,30030891315.3501,,
XOM,361060000000.0,75779000000.0,30553000000.0,31780000000.0,165.99,4111911960.0,681218976881.031,,
FFIV,3309332000.0,923304000.0,969595000.0,-1353402000.0,411.71,56627182.0,23092028186.07873,,
FDS,2438459000.0,955994000.0,708307000.0,1101587000.0,259.71,35565543.0,9204767651.874317,,
FICO,2393575000.0,1267566000.0,960878000.0,5333945000.0,985.39,21597635.0,20590852837.122166,,
FAST,8749300000.0,1959700000.0,1155800000.0,236800000.0,49.32,1147497573.0,56463280049.87892,,
FRT,1335088000.0,1033897000.0,329221000.0,4660666000.0,114.36,86889133.0,9219881233.609379,,
FDX,94720000000.0,11132000000.0,5116000000.0,12403000000.0,311.99,236670435.0,68194684686.66138,,
FDXF,,,,1490000000.0,128.31,149518133.0,15322604702.80805,,
FERG,32889000000.0,3570000000.0,1265000000.0,4467000000.0,222.54,193452717.0,42952380263.5967,,
FIS,12201000000.0,4200000000.0,1921000000.0,20430000000.0,38.14,515705917.0,19623980640.80553,,
FITB,10492000000.0,,2896000000.0,17327000000.0,54.72,906892564.0,49407803543.17847,,
FSLR,5378071000.0,2440196000.0,1500119000.0,-1494269000.0,209.03,107469788.0,21249084942.563126,,
FE,15825000000.0,,-1964000000.0,28920000000.0,46.13,578639932.0,25291563460.507748,,
FISV,20866000000.0,8114000000.0,3926000000.0,25317000000.0,51.58,531766721.0,27428528128.0,float-cap-fallback-market-cap,
FLEX,27914000000.0,1921000000.0,1052000000.0,1362000000.0,115.78,369402978.0,42446568131.90434,,
F,187973000000.0,3512000000.0,7280000000.0,142364000000.0,13.97,3916743591.0,55133224644.653595,,
FTNT,7527400000.0,2799500000.0,3117000000.0,-2438000000.0,156.07,733713653.0,96593211274.34624,,
FTV,4315800000.0,1240200000.0,1051300000.0,3135100000.0,54.69,302017052.0,15365395148.705511,,
FOXA,17126000000.0,3089000000.0,1468000000.0,2401000000.0,65.94,200188712.0,27723646976.0,float-cap-fallback-market-cap,
FOX,17126000000.0,3089000000.0,1468000000.0,2401000000.0,58.45,220248764.0,24574570496.0,float-cap-fallback-market-cap,
BEN,9324100000.0,1958700000.0,231600000.0,11974500000.0,33.65,508076910.0,9755769137.37183,,
FCX,25868000000.0,9227000000.0,1762000000.0,5306000000.0,71.07,1436017523.0,101370914067.2585,,
GRMN,7671437000.0,2311467000.0,1599841000.0,-2156278000.0,282.67,192852536.0,46499037123.81302,,
IT,6463626000.0,1363153000.0,1288944000.0,1490575000.0,179.59,63148976.0,10276351444.858496,,
GE,50638000000.0,12685000000.0,8396000000.0,9812000000.0,323.66,1037562513.0,334541367500.7764,,
GEHC,21267000000.0,3696000000.0,1579000000.0,8014000000.0,63.93,451686252.0,28781010514.739388,,
GEV,41367000000.0,3005000000.0,12438000000.0,-10326000000.0,957.27,266333581.0,254420308774.54395,,
GEN,5079000000.0,2564000000.0,1548000000.0,7623000000.0,30.26,598587032.0,13721868471.26046,,
GNRC,4438732000.0,619424000.0,379249000.0,974042000.0,186.99,59006361.0,10834995293.121025,,
GD,54861000000.0,6731000000.0,6447000000.0,3183000000.0,355.9,270557195.0,90557456734.06224,,
GIS,18424600000.0,477100000.0,1626300000.0,13084200000.0,35.85,534629472.0,19166466048.0,float-cap-fallback-market-cap,
GM,185527000000.0,17516000000.0,605000000.0,107563000000.0,85.62,904451541.0,74902017640.95284,,
GPC,25071538000.0,742343000.0,759354000.0,4420004000.0,133.68,137859758.0,18376384625.023,,
GILD,30456000000.0,1803000000.0,12943000000.0,23067000000.0,143.72,1239955155.0,177823215819.06787,,
GPN,10230917000.0,3816606000.0,822719000.0,18146128000.0,88.29,264618390.0,19390486630.10248,,
GL,6191958000.0,,1232375000.0,2686195000.0,171.17,76849447.0,13031985179.968605,,
GDDY,5104100000.0,1403200000.0,1702900000.0,2618900000.0,98.07,126647704.0,12323834655.145325,,
GS,66203000000.0,,-41515000000.0,285689000000.0,1029.18,291171408.0,299667783680.0,float-cap-fallback-market-cap,
HAL,22373000000.0,3592000000.0,1725000000.0,5113000000.0,35.84,833130367.0,29697555608.309654,,
HIG,28626000000.0,,5789000000.0,4249000000.0,136.36,270872002.0,36760290082.63351,,
HAS,4973200000.0,1354800000.0,1086400000.0,2657700000.0,91.54,141044467.0,12852077120.700365,,
HCA,78013000000.0,15861000000.0,5997000000.0,48705000000.0,426.94,216501500.0,61615940531.090805,,
DOC,2949806000.0,1886442000.0,1231026000.0,8405359000.0,20.3,689527260.0,14332479206.437649,,
HSIC,13602000000.0,1027000000.0,513000000.0,3305000000.0,88.36,111446542.0,8103537796.069961,,
HSY,12163912000.0,2679242000.0,2228157000.0,4743926000.0,173.32,146312143.0,34449004115.897575,,
HPE,41871000000.0,6774000000.0,4156000000.0,14028000000.0,62.09,1327464779.0,82025017044.8239,,
HLT,12485000000.0,3092000000.0,1939000000.0,12334000000.0,306.19,225064910.0,67592261665.71004,,
HD,169176000000.0,25474000000.0,15099000000.0,50811000000.0,308.74,997689626.0,307499945576.8266,,
HONA,17237000000.0,3805000000.0,877000000.0,14792000000.0,158.26,316952725.0,50098739503.61062,,
HON,36130000000.0,12967000000.0,4010000000.0,25237000000.0,202.36,316940010.0,60235870126.162636,,
HRL,12146911000.0,872412000.0,780869000.0,2015484000.0,20.57,550350800.0,5982205561.9364395,,
HST,6219000000.0,2117000000.0,1017000000.0,3129000000.0,22.24,685124399.0,15205049771.79536,,
HWM,9117000000.0,2753000000.0,1791000000.0,3938000000.0,229.61,398801399.0,90745588018.82478,,
HPQ,59162000000.0,4205000000.0,3881000000.0,4991000000.0,35.48,901790969.0,31876840102.984325,,
HUBB,6223600000.0,1468300000.0,901400000.0,4994000000.0,460.4,52832571.0,24205414766.936993,,
HUM,145679000000.0,,1949000000.0,7354000000.0,409.8,120080308.0,49098185564.30341,,
HBAN,9683000000.0,,2683000000.0,5805000000.0,16.86,2020414826.0,33841756383.69681,,
HII,13185000000.0,1264000000.0,-85000000.0,2690000000.0,279.69,39404598.0,10940287840.452442,,
IBM,69097000000.0,17570000000.0,13144000000.0,54815000000.0,243.29,942134390.0,228739688607.81952,,
IEX,3585300000.0,957800000.0,641500000.0,1237600000.0,224.21,73719896.0,16480970362.280886,,
IDXX,4553223000.0,1616289000.0,1237090000.0,771931000.0,504.7,78781116.0,39618884089.34888,,
ITW,16469000000.0,4822000000.0,2921000000.0,8855000000.0,268.16,284800000.0,69113576161.28,,
INCY,5819530000.0,2067971000.0,1890466000.0,-3944108000.0,121.47,202697746.0,20739346062.294163,,
IR,7942200000.0,2003200000.0,1219300000.0,3582900000.0,72.93,387999429.0,28206248466.336704,,
PODD,3053500000.0,652700000.0,265600000.0,413500000.0,131.96,69354199.0,9113633757.899809,,
INTC,57032000000.0,3676000000.0,2831000000.0,37663000000.0,102.94,5286105262.0,475531009212.8372,,
IBKR,11085000000.0,9921000000.0,15834000000.0,-7698000000.0,91.37,453077771.0,150898468318.30942,,
ICE,13426000000.0,7684000000.0,4641000000.0,18779000000.0,157.4,561394487.0,87755550518.7695,,
IFF,9978000000.0,1486000000.0,536000000.0,5130000000.0,83.61,255149963.0,21274422296.59368,,
IP,24203000000.0,168000000.0,492000000.0,8491000000.0,34.36,529569895.0,18113411322.64267,,
INTU,21448000000.0,7119000000.0,8617000000.0,2964000000.0,321.57,267236000.0,83888965234.36575,,
ISRG,11034400000.0,4245400000.0,3222600000.0,,369.15,358278038.0,129650981194.57054,,
IVZ,6902500000.0,1760800000.0,1920700000.0,7655200000.0,32.28,441499780.0,11508746872.672464,,
INVH,2855078000.0,1799708000.0,956722000.0,8450905000.0,27.54,590623226.0,14783952751.108044,,
IQV,16983000000.0,3528000000.0,2184000000.0,14090000000.0,261.77,164600000.0,40901518786.1504,,
IRM,7562471000.0,2515305000.0,-596682000.0,17144856000.0,115.18,297702812.0,33967432534.260323,,
JBHT,12701310000.0,1678212000.0,1099722000.0,1141175000.0,270.45,93914939.0,19805355093.681614,,
JBL,33590000000.0,2025000000.0,1306000000.0,2018000000.0,318.08,104787089.0,32693726585.27656,,
JKHY,2544340000.0,871419000.0,506506000.0,27944000.0,161.12,70112608.0,11218596574.458624,,
J,14219216000.0,904246000.0,644544000.0,2406462000.0,141.85,117038611.0,16494347216.901468,,
JNJ,97929000000.0,33959000000.0,22228000000.0,28614000000.0,265.58,2409898597.0,638984006614.008,,
JCI,24995000000.0,3702000000.0,1659000000.0,8834000000.0,146.01,605741470.0,88158630293.95424,,
JPM,194911000000.0,,-162534000000.0,223142000000.0,356.23,2658186195.0,941869148532.1819,,
KVUE,15408000000.0,3215000000.0,1914000000.0,7370000000.0,17.78,1920773467.0,34104567006.289104,,
KDP,20090000000.0,4283000000.0,1965000000.0,28463000000.0,31.39,1360826038.0,42514706864.98299,,
KEY,7597000000.0,,1199000000.0,12936000000.0,21.84,1067128554.0,23207270634.48657,,
KEYS,6582000000.0,1916000000.0,1469000000.0,119000000.0,338.64,170244745.0,57266570048.353584,,
KMB,16582000000.0,3200000000.0,1820000000.0,5561000000.0,98.15,332579038.0,32517938859.81349,,
KIM,,,1179106000.0,8040407000.0,23.19,670789373.0,15168893146.82893,,
KMI,17959000000.0,7697000000.0,3158000000.0,32050000000.0,30.86,2226802089.0,59735466218.60054,,
KKR,21060036000.0,9735275000.0,2339924000.0,32898850000.0,101.08,897635601.0,71773435103.40138,,
KLAC,13579476000.0,6284343000.0,3767134000.0,4237573000.0,180.64,1306546783.0,235448181546.65228,,
KHC,24900000000.0,5351000000.0,3816000000.0,16582000000.0,24.6,1185823758.0,21057278034.23902,,
KR,148645000000.0,5776000000.0,2832000000.0,12505000000.0,58.49,596000000.0,34860040192.0,float-cap-fallback-market-cap,
LHX,22932000000.0,3998000000.0,2808000000.0,9478000000.0,245.54,186214616.0,45723136000.0,float-cap-fallback-market-cap,
LH,14348000000.0,2157200000.0,1155200000.0,5716700000.0,311.54,81100000.0,25146640397.59872,,
LRCX,23232690000.0,8860890000.0,4891252000.0,-1844608000.0,298.22,1251321000.0,371724767134.2615,,
LVS,13719000000.0,4618000000.0,2700000000.0,11886000000.0,42.83,647701184.0,27741042688.0,float-cap-fallback-market-cap,
LDOS,17634000000.0,2318000000.0,2163000000.0,5283000000.0,128.86,125492209.0,16050129236.568897,,
LEN,32737235000.0,2177897000.0,716773000.0,3919538000.0,79.6,210506003.0,18320355436.21656,,
LII,5302200000.0,1173600000.0,738700000.0,1455100000.0,366.04,34560675.0,11432844239.193932,,
LLY,79665800000.0,43304800000.0,13560000000.0,45958000000.0,1115.7,891741406.0,991801854619.8799,,
LIN,35449000000.0,13633000000.0,4975000000.0,23115000000.0,466.22,460980163.0,214187446595.00073,,
LYV,26272535000.0,1690167000.0,1374870000.0,129516000.0,170.15,232959505.0,26754499291.003227,,
LMT,77014000000.0,10221000000.0,8729000000.0,16747000000.0,524.19,230790753.0,103472656682.86783,,
L,18399000000.0,,1766000000.0,8428000000.0,108.79,204427720.0,17887605617.261696,,
LOW,90432000000.0,12837000000.0,7000000000.0,34384000000.0,196.82,561054019.0,110183714004.98466,,
LULU,11093955000.0,2518426000.0,1354336000.0,751390000.0,98.97,105594064.0,10554212966.409664,,
LITE,3014000000.0,-6884000000.0,300100000.0,664000000.0,927.03,89700000.0,82558373321.19553,,
LYB,31192000000.0,1909000000.0,1578000000.0,10280000000.0,63.69,323037952.0,16409433120.65948,,
MTB,9823000000.0,,3595000000.0,680000000.0,239.83,144416262.0,34469446664.23642,,
MPC,153577000000.0,17612000000.0,12899000000.0,25048000000.0,395.93,280824763.0,110855614992.80331,,
MAR,26904000000.0,5031000000.0,3132000000.0,16453000000.0,334.69,260766288.0,75407226222.27516,,
MRSH,27947000000.0,7217000000.0,4767000000.0,18861000000.0,176.91,477211268.0,84257128285.43005,,
MLM,6688000000.0,2085000000.0,810000000.0,5839000000.0,509.96,71019382.0,25718241687.51708,,
MRVL,9450300000.0,4759600000.0,1722800000.0,1030100000.0,236.1,876926613.0,211473301055.92773,,
MAS,7620000000.0,1337000000.0,1126000000.0,2699000000.0,68.52,197187430.0,13452102246.433449,,
MA,35083000000.0,22116000000.0,15975000000.0,13352000000.0,569.19,869464115.0,497979228925.6012,,
MKC,7385800000.0,1390700000.0,1019900000.0,4602300000.0,51.32,254055150.0,13797462016.0,float-cap-fallback-market-cap,
MCD,27702000000.0,15075000000.0,7761000000.0,39041000000.0,252.53,707641531.0,178432662987.89914,,
MCK,410983000000.0,7500000000.0,6145000000.0,4565000000.0,881.51,116590363.0,102602907306.0463,,
MDT,37541000000.0,10267000000.0,6132000000.0,26410000000.0,90.96,1279137890.0,116121175882.78784,,
MRK,66569000000.0,14405000000.0,16063000000.0,47057000000.0,143.93,2467171638.0,354503432306.21027,,
META,228247000000.0,112282000000.0,40976000000.0,68202000000.0,648.03,2205128509.0,1648318610219.9514,,
MET,77665000000.0,,15558000000.0,2044000000.0,97.14,635476927.0,51604003308.38859,,
MTD,4133875000.0,1297702000.0,863969000.0,2060580000.0,1293.52,20036559.0,25775922100.478428,,
MGM,17761442000.0,1990430000.0,1494547000.0,3521062000.0,39.89,255851235.0,7231565506.070127,,
MCHP,5122300000.0,1460000000.0,1110900000.0,5089000000.0,74.2,543008691.0,39530144454.38466,,
MU,90274000000.0,68305000000.0,26172000000.0,1891000000.0,975.26,1129393151.0,1097773168046.266,,
MSFT,331839000000.0,212433000000.0,66987000000.0,19359000000.0,495.63,7425545491.0,3674765951690.75,,
MAA,2218781000.0,1259087000.0,644606000.0,5640065000.0,124.79,116021957.0,14683824827.97696,,
MRNA,2210000000.0,-2804000000.0,-1244000000.0,-436000000.0,143.97,399235889.0,53592480172.39391,,
TAP,11083500000.0,-1671000000.0,1326000000.0,5581500000.0,38.93,174117990.0,6509582208.640529,,
MDLZ,39304000000.0,5231000000.0,2575000000.0,19500000000.0,62.44,1276308057.0,79465552987.86337,,
MPWR,3273158000.0,1000282000.0,582609000.0,-986653000.0,1234.46,49143000.0,58461103877.94963,,
MNST,9218956000.0,2858003000.0,2081494000.0,-1993365000.0,43.4,1959051764.0,60947780583.9025,,
MCO,8160000000.0,4357000000.0,2967000000.0,5479000000.0,474.95,173180984.0,75290480819.59366,,
MS,73053000000.0,,-18582000000.0,299338000000.0,214.38,1570566292.0,255126187375.98276,,
MOS,12247900000.0,1168700000.0,-947100000.0,5561700000.0,25.19,317895646.0,7501699181.515968,,
MSI,12236000000.0,3757000000.0,2677000000.0,8322000000.0,466.16,165493788.0,76787855559.05307,,
MSCI,3333754000.0,2070029000.0,1492485000.0,6027700000.0,554.61,72700000.0,38279947994.7264,,
NDAQ,8751000000.0,3425000000.0,1951000000.0,8241000000.0,91.19,558977372.0,45277917385.84565,,
NTAP,7391000000.0,2119000000.0,1650000000.0,915000000.0,199.28,196419005.0,38919268022.19948,,
NFLX,48370764000.0,35008877000.0,11152005000.0,5210074000.0,77.4,4163939676.0,320026474686.6852,,
NEM,25767000000.0,16038000000.0,9733000000.0,947000000.0,126.81,1053692271.0,133319406620.1433,,
NWSA,9028000000.0,1627000000.0,811000000.0,216000000.0,29.44,358881847.0,15790737408.0,float-cap-fallback-market-cap,
NWS,9028000000.0,1627000000.0,811000000.0,216000000.0,32.71,177488312.0,17544667136.0,float-cap-fallback-market-cap,
NEE,28701000000.0,17698000000.0,3048000000.0,107331000000.0,82.31,2085978209.0,171301324330.61053,,
NKE,46398000000.0,4594000000.0,2184000000.0,379000000.0,36.8,1202110951.0,53439919935.95988,,
NI,6881500000.0,3202400000.0,-1460000000.0,17333000000.0,41.41,479560100.0,19782922347.88009,,
NDSN,2979795000.0,912691000.0,724013000.0,1617574000.0,314.47,55699366.0,15608661949.738577,,
NSC,12540000000.0,5560000000.0,1631000000.0,15547000000.0,320.27,224608373.0,71820223678.98073,,
NTRS,8526800000.0,,-217900000.0,-43886300000.0,189.19,182955653.0,34014221547.129097,,
NOC,42892000000.0,7444000000.0,3646000000.0,12121000000.0,518.97,142063026.0,73489781798.97713,,
NCLH,10154307000.0,2831440000.0,-1185394000.0,14816685000.0,14.82,459187846.0,6748272358.790539,,
NRG,33125000000.0,3735000000.0,316000000.0,23094000000.0,113.46,210210483.0,23741246459.356285,,
NUE,36101000000.0,5763000000.0,1583000000.0,4621000000.0,259.43,226875676.0,57969007086.18795,,
NVDA,302969000000.0,233894000000.0,127006000000.0,10923000000.0,218.29,24147000000.0,5049199866576.593,,
NVR,9546731000.0,1537919000.0,1046421000.0,-93972000.0,6160.76,2678153.0,16147326482.869314,,
NXPI,13185000000.0,5064000000.0,2649000000.0,8113000000.0,236.62,252164174.0,59555509907.90982,,
ORLY,18572562000.0,4189022000.0,2156259000.0,6752362000.0,85.82,808960792.0,68759226863.4567,,
OXY,21671000000.0,13859000000.0,4793000000.0,8650000000.0,61.46,999637371.0,61187044506.9415,,
ODFL,5602507000.0,1820165000.0,1114770000.0,38401000.0,179.79,207968283.0,33390039668.078938,,
OMC,22371300000.0,1735900000.0,2389200000.0,6665800000.0,79.01,274345967.0,21467334378.984173,,
ON,6197800000.0,1567200000.0,1500400000.0,944900000.0,76.14,389318613.0,29514436580.19477,,
OKE,39366000000.0,8083000000.0,2906000000.0,32861000000.0,96.62,630369667.0,60730300640.191734,,
ORCL,67358000000.0,33447000000.0,-23686000000.0,98252000000.0,150.28,2880471000.0,265124942462.7021,,
OTIS,14911000000.0,2547000000.0,1712000000.0,7623000000.0,69.1,380669339.0,26252958627.370754,,
PCAR,27815800000.0,3622000000.0,2963100000.0,9121700000.0,122.73,526364953.0,63326845356.603165,,
PKG,9534700000.0,1813300000.0,742400000.0,3526100000.0,234.4,89098299.0,20384977973.68254,,
PLTR,6155941000.0,2662630000.0,3358272000.0,-1818647000.0,167.23,2300713329.0,368540092132.13806,,
PANW,11480000000.0,1391000000.0,4113000000.0,-14000000.0,330.65,818000000.0,268226777242.0096,,
PSKY,28301000000.0,2944000000.0,591000000.0,13529000000.0,10.6,1090445692.0,11892625408.0,float-cap-fallback-market-cap,
PH,21499000000.0,5901000000.0,3905000000.0,8019000000.0,950.23,126047469.0,119420751600.77621,,
PAYX,6512000000.0,3023000000.0,2321800000.0,3467900000.0,115.8,355980473.0,41222541312.0,float-cap-fallback-market-cap,
PYPL,34128000000.0,7287000000.0,6586000000.0,5094000000.0,53.72,855460874.0,45851040065.589005,,
PNR,4011800000.0,929300000.0,673000000.0,1514200000.0,56.58,159600000.0,8964121775.927126,,
PEP,96904000000.0,18639000000.0,9282000000.0,42963000000.0,136.32,1366000000.0,185641519058.6734,,
PFE,63695000000.0,13491000000.0,10985000000.0,62218000000.0,27.72,5699673589.0,157783229230.26694,,
PCG,25837000000.0,10553000000.0,-4263000000.0,63246000000.0,13.8,2202366906.0,28737783506.15266,,
PM,42545000000.0,18716000000.0,12722000000.0,43114000000.0,191.06,1558613439.0,297041220339.1954,,
PSX,152167000000.0,12874000000.0,6394000000.0,16466000000.0,259.47,400935020.0,103295828771.1944,,
PNW,5554254000.0,2219247000.0,-878537000.0,11360284000.0,96.1,121197234.0,11583111480.695066,,
PNC,24554000000.0,,7488000000.0,56978000000.0,244.24,398943667.0,96736453741.75098,,
PPG,16421000000.0,2824000000.0,1407000000.0,5366000000.0,105.5,222300000.0,23401522696.15104,,
PPL,9398000000.0,3946000000.0,-1992000000.0,19991000000.0,34.08,752544841.0,25572097250.588966,,
PFG,15693200000.0,,4852200000.0,288100000.0,116.165,214104641.0,24718754222.733234,,
PG,87033000000.0,24413000000.0,15147000000.0,24197000000.0,145.27,2322672312.0,337038959327.8859,,
PGR,91019000000.0,,15951000000.0,8209000000.0,217.62,581100000.0,126025973603.68509,,
PLD,9189768000.0,8522234000.0,5240975000.0,34677042000.0,135.75,950333372.0,128947055520.1749,,
PRU,64864000000.0,,10969000000.0,9473000000.0,119.24,345000000.0,41006569588.654076,,
PEG,12543000000.0,4778000000.0,276000000.0,24349000000.0,72.39,498420030.0,35985014054.31821,,
PTC,2953972000.0,1729689000.0,935484000.0,1071861000.0,130.78,108506261.0,14112401229.434689,,
PSA,4890457000.0,3539599000.0,2861325000.0,9920279000.0,296.5,186852295.0,47024356007.67971,,
PHM,16407076000.0,2608197000.0,1512443000.0,962472000.0,118.26,190486353.0,21995891471.22121,,
PWR,32905140000.0,3080445000.0,2391158000.0,5598453000.0,650.58,150343393.0,96919354814.1968,,
QCOM,44069000000.0,13474000000.0,10416000000.0,10737000000.0,181.97,1068060487.0,190725025896.11176,,
DGX,11560000000.0,2253000000.0,1349000000.0,5016000000.0,235.02,110373360.0,25808172508.759773,,
Q,5210000000.0,1450000000.0,825000000.0,3059000000.0,126.4,209208543.0,26380494752.43648,,
RL,8355200000.0,1534000000.0,1002000000.0,1284900000.0,339.09,37700963.0,19965383319.705513,,
RJF,15000000000.0,,1442000000.0,-5505000000.0,173.46,192100000.0,29790447438.794746,,
RDDT,2778834000.0,801517000.0,1018649000.0,-1465971000.0,157.77,146103200.0,29231340976.637127,,
RTX,93500000000.0,16084000000.0,10985000000.0,29078000000.0,197.68,1347758144.0,247071713128.19324,,
O,5970124000.0,5103703000.0,4166154000.0,30099005000.0,59.5,946218033.0,56171610720.6411,,
REG,1585065000.0,1188000000.0,,4862836000.0,74.62,183120547.0,12522821603.244957,,
REGN,15534700000.0,5750000000.0,3575200000.0,250800000.0,781.49,101137842.0,76203832194.40213,,
RF,7617000000.0,,1750000000.0,-2498000000.0,30.13,851929506.0,25549020840.112015,,
RSG,16890000000.0,5138000000.0,2653000000.0,13962000000.0,222.74,306212978.0,68060604780.88803,,
RMD,5653443000.0,2152616000.0,1628656000.0,150821000.0,218.27,144252306.0,31291683616.79492,,
RVTY,2911811000.0,738746000.0,558113000.0,2182307000.0,124.31,111586401.0,12739961075.629524,,
HOOD,4932000000.0,2361000000.0,178000000.0,17344000000.0,112.57,790630234.0,100322934949.04277,,
ROK,8973000000.0,1775000000.0,1504000000.0,2779000000.0,428.39,111273953.0,47421815514.9942,,
ROL,3924019000.0,862519000.0,619169000.0,593940000.0,34.73,481145404.0,10733951131.97463,,
ROP,8280300000.0,4291900000.0,2561000000.0,10954500000.0,388.52,98900874.0,38212090751.8335,,
ROST,24511798000.0,4074467000.0,2790186000.0,451027000.0,230.74,320781076.0,71923132810.99187,,
RCL,18681000000.0,7394000000.0,-416000000.0,21961000000.0,260.14,267452084.0,62945886532.88992,,
SPGI,16121000000.0,8388000000.0,5573000000.0,11036000000.0,410.71,294800000.0,120784302351.1552,,
CRM,43938000000.0,,15154000000.0,30978000000.0,247.72,823000000.0,197571834772.6848,,
SNDK,20248000000.0,13239000000.0,11494000000.0,368000000.0,1633.35,146419001.0,235884251194.09778,,
SBAC,2870622000.0,2012722000.0,1050721000.0,12402171000.0,185.47,106088110.0,19529771316.749928,,
SLB,36366000000.0,6663000000.0,4554000000.0,10055000000.0,56.06,1484143231.0,82948973899.78491,,
STX,12195000000.0,4250000000.0,3105000000.0,1861000000.0,830.17,227393014.0,187609699702.32144,,
SRE,13552000000.0,5630000000.0,-5243000000.0,36616000000.0,83.34,653900348.0,54383789310.93278,,
NOW,14732000000.0,3500000000.0,4571000000.0,5014000000.0,132.53,1033862000.0,136677925024.21327,,
SHW,24410300000.0,4734600000.0,3213200000.0,11778600000.0,323.31,242758151.0,72643438020.19415,,
SPG,6940725000.0,8317888000.0,3217536000.0,27680516000.0,204.83,323551515.0,76869074439.72188,,
SWKS,4014100000.0,815900000.0,408600000.0,-108900000.0,88.35,150472782.0,13229793251.604645,,
SJM,9156900000.0,1334600000.0,1588400000.0,6694600000.0,121.14,106823183.0,12661173627.279745,,
SW,31326000000.0,4277000000.0,1015000000.0,13487000000.0,43.22,524522908.0,22501262351.20631,,
SNA,5274900000.0,1504100000.0,1108500000.0,-365400000.0,375.44,51727124.0,18928706953.320175,,
SOLV,8309000000.0,2468000000.0,-118000000.0,4676000000.0,87.45,170223729.0,12600606712.342365,,
SO,30178000000.0,14818000000.0,-3269000000.0,72598000000.0,87.17,1150362966.0,100040487415.16164,,
LUV,30072000000.0,2779000000.0,-455000000.0,2155000000.0,39.24,489208201.0,18997078742.328903,,
SWK,15247700000.0,1814000000.0,1289100000.0,4165500000.0,89.24,151016641.0,13432386289.209503,,
SBUX,38338300000.0,5299300000.0,3642100000.0,9828800000.0,98.74,1140000000.0,112333971661.12767,,
STT,15056000000.0,,2019000000.0,-119437000000.0,193.4,274701765.0,53127319552.0,float-cap-fallback-market-cap,
STLD,20538678000.0,2751991000.0,955563000.0,3614434000.0,239.79,143328088.0,32023670661.721752,,
STE,6037600000.0,1640500000.0,925600000.0,1411300000.0,210.76,97500110.0,20461171904.860363,,
SYK,25837000000.0,7005000000.0,4702000000.0,11551000000.0,275.56,383573046.0,95933061928.60063,,
SMCI,39063072000.0,3074105000.0,-6971885000.0,1198813000.0,40.1,656965384.0,22360787538.908424,,
SYF,15032000000.0,,9694000000.0,239000000.0,75.99,325370840.0,24554081252.169754,,
SNPS,9416465000.0,3733984000.0,2747706000.0,6431074000.0,397.38,191636646.0,75710884770.74258,,
SYY,84553000000.0,4122000000.0,1938000000.0,11730000000.0,83.21,479096016.0,39745582084.48827,,
TMUS,92189000000.0,32262000000.0,16236000000.0,81796000000.0,182.33,1072671613.0,195580215296.0,float-cap-fallback-market-cap,
TROW,7592000000.0,3222600000.0,1673800000.0,-2804900000.0,106.29,213315850.0,22237107350.103302,,
TTWO,6686500000.0,1254100000.0,337500000.0,1154800000.0,215.47,186980443.0,40107781765.0218,,
TPR,8004200000.0,2133000000.0,1812500000.0,1404300000.0,118.49,199391678.0,23499049355.684364,,
TRGP,16741500000.0,5491900000.0,740900000.0,18651600000.0,290.25,214431021.0,61243410020.54666,,
TGT,107705000000.0,9261000000.0,4456000000.0,9946000000.0,155.83,454296736.0,70558027417.11269,,
TEL,19322000000.0,4895000000.0,3315000000.0,4393000000.0,211.96,289513228.0,61253538733.25684,,
TDY,6374400000.0,1586000000.0,1142100000.0,1686900000.0,603.79,46355673.0,27659378716.330776,,
TER,4464031000.0,1490927000.0,799932000.0,-249411000.0,379.72,156340750.0,59244605869.14472,,
TSLA,103619000000.0,12028000000.0,5755000000.0,861000000.0,365.44,3949547394.0,1030243713922.3544,,
TXN,19453000000.0,9676000000.0,5355000000.0,10392000000.0,268.7,913247686.0,244790905398.28064,,
TPL,897541000.0,763997000.0,75998000.0,-233099000.0,369.1,68974683.0,21727858265.16606,,
TXT,15299000000.0,1698000000.0,759000000.0,2199000000.0,81.0,171986917.0,13822138740.91185,,
TMO,46336000000.0,12046000000.0,7318000000.0,38485000000.0,609.82,369747286.0,224915596869.6713,,
TJX,62363000000.0,9439000000.0,5876000000.0,8313000000.0,126.02,1099974061.0,138297120716.01675,,
TKO,5301863000.0,1548113000.0,1672370000.0,4036740000.0,190.31,73111098.0,29441239165.456955,,
TTD,2990138000.0,725666000.0,848637000.0,-688869000.0,14.34,426771565.0,6596932624.246801,,
TSCO,15750724000.0,1850267000.0,306981000.0,1922212000.0,33.01,521040137.0,17145871541.178194,,
TT,22209900000.0,4342000000.0,3546500000.0,3298500000.0,442.52,220023177.0,97096903207.15462,,
TDG,10007000000.0,5051000000.0,1927000000.0,30712000000.0,1140.32,55276525.0,62710193331.84514,,
TRV,48979000000.0,,11026000000.0,8586000000.0,375.2,208575022.0,77802673366.74559,,
TRMB,3782900000.0,278100000.0,773100000.0,1244900000.0,57.66,233179848.0,13374562671.743319,,
TFC,20572000000.0,,5672000000.0,32866000000.0,50.4,1221626188.0,61405574266.63319,,
TYL,2429657000.0,580809000.0,705783000.0,513338000.0,336.67,40952274.0,12798294049.34539,,
TSN,55694000000.0,2612000000.0,1161000000.0,7266000000.0,52.98,281792507.0,18157042058.96936,,
USB,29583000000.0,,12525000000.0,29517000000.0,62.84,1558051446.0,97611296640.53313,,
UBER,55227000000.0,7920000000.0,10116000000.0,7853000000.0,71.67,2042560121.0,145917445724.8115,,
UDR,1716218000.0,1424916000.0,629417000.0,5812639000.0,35.12,321264222.0,11608035085.131786,,
ULTA,12955517000.0,1942782000.0,1149452000.0,181127000.0,546.78,42757471.0,23301547573.251377,,
UNP,25410000000.0,13308000000.0,6504000000.0,28713000000.0,284.4,594075498.0,168571540518.8985,,
UAL,62901000000.0,5582000000.0,2544000000.0,16298000000.0,109.82,324569728.0,35374525856.97132,,
UPS,89930000000.0,10822000000.0,5457000000.0,19831000000.0,100.28,749349405.0,85216835217.59402,,
URI,16832000000.0,7447000000.0,632000000.0,14118000000.0,989.12,62242489.0,61213750267.37131,,
UNH,450129000000.0,25619000000.0,23617000000.0,44743000000.0,379.09,897594847.0,339285825498.88947,,
UHS,18114487000.0,2820938000.0,810741000.0,4713047000.0,174.83,51687770.0,9715984757.208532,,
VLO,139397000000.0,13663000000.0,10120000000.0,3475000000.0,390.42,287927461.0,111812355598.62926,,
VEEV,3458098000.0,1075341000.0,1665459000.0,-1660317000.0,262.4,161908850.0,38911901080.607994,,
VTR,6441571000.0,2388243000.0,1091827000.0,12488833000.0,89.99,512946359.0,45942168607.474014,,
VLTO,5696000000.0,1394000000.0,1047000000.0,1260000000.0,94.1,243793344.0,22889335434.9624,,
VRSN,1707900000.0,1206700000.0,1066100000.0,1493500000.0,292.71,90400000.0,24848452730.201714,,
VRSK,3136000000.0,1680100000.0,1236500000.0,3904000000.0,176.2,130156012.0,22863542491.73372,,
VZ,138895000000.0,48033000000.0,20160000000.0,163479000000.0,50.61,4154775202.0,209972482842.551,,
VRTX,12587200000.0,5266000000.0,3796100000.0,-4165900000.0,515.44,253460924.0,130244132342.77985,,
VRT,11479600000.0,2553100000.0,2924000000.0,129200000.0,257.06,384988173.0,98673106560.71857,,
VTRS,14737300000.0,2621500000.0,1812200000.0,12464800000.0,16.51,1148590864.0,18850972464.483948,,
VICI,4097604000.0,3655736000.0,2636974000.0,16643092000.0,24.83,1101077562.0,27231214648.758068,,
V,44488000000.0,29074000000.0,21013000000.0,11499000000.0,370.45,1704112694.0,691386646200.756,,
VST,19212000000.0,6548000000.0,2255000000.0,19460000000.0,148.38,335635195.0,46425504651.16676,,
VMRK,3082699000.0,2240530000.0,1368855000.0,8944098000.0,65.54,773779120.0,50713485312.0,float-cap-fallback-market-cap,
VMC,8115800000.0,2362300000.0,1027200000.0,4170100000.0,252.74,129578739.0,32642638296.01835,,
WRB,14917907000.0,,3469696000.0,233802000.0,69.9,371227529.0,17022331508.13965,,
GWW,18845000000.0,3023000000.0,1510000000.0,1819000000.0,1280.0,47100942.0,55171257382.681595,,
WAB,11980000000.0,2491000000.0,1714000000.0,5901000000.0,283.22,168910851.0,47253858712.82521,,
WMT,735840000000.0,46764000000.0,13509000000.0,38882000000.0,107.15,7958079155.0,466127321063.00854,,
DIS,98861000000.0,20074000000.0,8293000000.0,40856000000.0,106.55,1726686902.0,183678606924.93167,,
WBD,36115000000.0,13588000000.0,2180000000.0,28654000000.0,28.04,2507136702.0,66856180563.123886,,
WM,25667000000.0,7464000000.0,3573000000.0,22799000000.0,213.46,399715184.0,85069800836.66118,,
WAT,4644249000.0,967461000.0,398810000.0,4547000000.0,408.34,98185855.0,40044013826.31305,,
WEC,10137400000.0,4235100000.0,-1373300000.0,22513900000.0,105.33,325849383.0,34223211848.853687,,
WFC,86796000000.0,,19170000000.0,3932000000.0,90.29,3023999336.0,272291495334.08582,,
WELL,11584251000.0,2637318000.0,2922002000.0,13229793000.0,235.62,720572011.0,169587576331.4736,,
WST,3326800000.0,879500000.0,436900000.0,-123700000.0,346.23,70375762.0,24185647421.08738,,
WDC,12919000000.0,10445000000.0,3511000000.0,2680000000.0,447.18,360540944.0,160101324098.17996,,
WY,6852000000.0,1163000000.0,-447000000.0,4898000000.0,22.06,720736000.0,15823436729.53184,,
WSM,8005156000.0,1768400000.0,1343494000.0,499010000.0,226.23,117779173.0,26295064841.807404,,
WMB,12204000000.0,8061000000.0,-174000000.0,30590000000.0,72.85,1223167472.0,88573995495.49496,,
WTW,10102000000.0,2715000000.0,1689000000.0,4903000000.0,315.61,92871937.0,29168856736.373096,,
WDAY,10155000000.0,1760000000.0,2844000000.0,2328000000.0,185.7,196000000.0,44369157225.62748,,
WYNN,7413425000.0,1949749000.0,791867000.0,9151307000.0,87.7,102973891.0,6704753890.624394,,
XEL,14616000000.0,6533000000.0,-7692000000.0,37447000000.0,75.5,624634306.0,47064626964.86966,,
XYL,9126000000.0,1861000000.0,960000000.0,1650000000.0,106.96,233486812.0,24909068242.011356,,
YUM,8724000000.0,2946000000.0,1679000000.0,11601000000.0,140.87,272901085.0,38337853419.27886,,
ZBRA,5847000000.0,1055000000.0,904000000.0,2611000000.0,350.37,47310660.0,16420750427.598995,,
ZBH,8508800000.0,2331000000.0,1401800000.0,7069000000.0,93.49,190737689.0,17774826134.98708,,
ZTS,9517000000.0,3992000000.0,2316000000.0,7575000000.0,72.97,413223602.0,30090812174.182236,,
