ticker,cik,adsh,period,status,filing_url
MMM,66740,0000066740-26-000014,20251231,tagged,https://www.sec.gov/Archives/edgar/data/66740/000006674026000014/
AOS,91142,0000091142-26-000008,20251231,tagged,https://www.sec.gov/Archives/edgar/data/91142/000009114226000008/
AES,874761,0000874761-26-000063,20251231,tagged,https://www.sec.gov/Archives/edgar/data/874761/000087476126000063/
APD,2969,0000002969-25-000055,20250930,tagged,https://www.sec.gov/Archives/edgar/data/2969/000000296925000055/
ABNB,1559720,0001559720-26-000004,20251231,tagged,https://www.sec.gov/Archives/edgar/data/1559720/000155972026000004/
ALB,915913,0000915913-26-000018,20251231,tagged,https://www.sec.gov/Archives/edgar/data/915913/000091591326000018/
ALLE,1579241,0001579241-26-000007,20251231,tagged,https://www.sec.gov/Archives/edgar/data/1579241/000157924126000007/
LNT,352541,0000352541-26-000007,20251231,tagged,https://www.sec.gov/Archives/edgar/data/352541/000035254126000007/
MO,764180,0000764180-26-000017,20251231,tagged,https://www.sec.gov/Archives/edgar/data/764180/000076418026000017/
AMZN,1018724,0001018724-26-000004,20251231,tagged,https://www.sec.gov/Archives/edgar/data/1018724/000101872426000004/
AMCR,1748790,0001748790-25-000023,20250630,tagged,https://www.sec.gov/Archives/edgar/data/1748790/000174879025000023/
AEE,1002910,0001002910-26-000009,20251231,tagged,https://www.sec.gov/Archives/edgar/data/1002910/000100291026000009/
AEP,4904,0000004904-26-000013,20251231,tagged,https://www.sec.gov/Archives/edgar/data/4904/000000490426000013/
AWK,1410636,0001410636-26-000034,20251231,tagged,https://www.sec.gov/Archives/edgar/data/1410636/000141063626000034/
AME,1037868,0001037868-26-000016,20251231,tagged,https://www.sec.gov/Archives/edgar/data/1037868/000103786826000016/
APA,1841666,0001841666-26-000015,20251231,tagged,https://www.sec.gov/Archives/edgar/data/1841666/000184166626000015/
APTV,1521332,0001521332-26-000009,20251231,tagged,https://www.sec.gov/Archives/edgar/data/1521332/000152133226000009/
ADM,7084,0000007084-26-000011,20251231,tagged,https://www.sec.gov/Archives/edgar/data/7084/000000708426000011/
ATO,731802,0000731802-25-000056,20250930,tagged,https://www.sec.gov/Archives/edgar/data/731802/000073180225000056/
ADP,8670,0000008670-25-000037,20250630,tagged,https://www.sec.gov/Archives/edgar/data/8670/000000867025000037/
AZO,866787,0001104659-25-102611,20250831,tagged,https://www.sec.gov/Archives/edgar/data/866787/000110465925102611/
AVY,8818,0000008818-26-000015,20251231,tagged,https://www.sec.gov/Archives/edgar/data/8818/000000881826000015/
AXON,1069183,0001628280-26-011360,20251231,tagged,https://www.sec.gov/Archives/edgar/data/1069183/000162828026011360/
BKR,1701605,0001701605-26-000007,20251231,tagged,https://www.sec.gov/Archives/edgar/data/1701605/000170160526000007/
BALL,9389,0001104659-26-017410,20251231,tagged,https://www.sec.gov/Archives/edgar/data/9389/000110465926017410/
BBY,764478,0000764478-26-000009,20260131,tagged,https://www.sec.gov/Archives/edgar/data/764478/000076447826000009/
BA,12927,0001628280-26-004357,20251231,tagged,https://www.sec.gov/Archives/edgar/data/12927/000162828026004357/
BKNG,1075531,0001075531-26-000009,20251231,tagged,https://www.sec.gov/Archives/edgar/data/1075531/000107553126000009/
BR,1383312,0001628280-25-037656,20250630,tagged,https://www.sec.gov/Archives/edgar/data/1383312/000162828025037656/
BF-B,14693,0000014693-26-000024,20260430,tagged,https://www.sec.gov/Archives/edgar/data/14693/000001469326000024/
BLDR,1316835,0001193125-26-054643,20251231,tagged,https://www.sec.gov/Archives/edgar/data/1316835/000119312526054643/
BG,1996862,0001628280-26-009842,20251231,tagged,https://www.sec.gov/Archives/edgar/data/1996862/000162828026009842/
CHRW,1043277,0001043277-26-000009,20251231,tagged,https://www.sec.gov/Archives/edgar/data/1043277/000104327726000009/
CCL,815097,0000815097-26-000007,20251130,tagged,https://www.sec.gov/Archives/edgar/data/815097/000081509726000007/
CARR,1783180,0001783180-26-000008,20251231,tagged,https://www.sec.gov/Archives/edgar/data/1783180/000178318026000008/
CVNA,1690820,0001690820-26-000009,20251231,tagged,https://www.sec.gov/Archives/edgar/data/1690820/000169082026000009/
CASY,726958,0000726958-26-000046,20260430,tagged,https://www.sec.gov/Archives/edgar/data/726958/000072695826000046/
CAT,18230,0000018230-26-000008,20251231,tagged,https://www.sec.gov/Archives/edgar/data/18230/000001823026000008/
CNP,1130310,0001130310-26-000008,20251231,tagged,https://www.sec.gov/Archives/edgar/data/1130310/000113031026000008/
CF,1324404,0001324404-26-000007,20251231,tagged,https://www.sec.gov/Archives/edgar/data/1324404/000132440426000007/
CVX,93410,0000093410-26-000078,20251231,untagged,https://www.sec.gov/Archives/edgar/data/93410/000009341026000078/
CMG,1058090,0001058090-26-000009,20251231,tagged,https://www.sec.gov/Archives/edgar/data/1058090/000105809026000009/
CHD,313927,0001193125-26-048139,20251231,tagged,https://www.sec.gov/Archives/edgar/data/313927/000119312526048139/
CTAS,723254,0000723254-25-000017,20250531,tagged,https://www.sec.gov/Archives/edgar/data/723254/000072325425000017/
CLX,21076,0000021076-25-000039,20250630,tagged,https://www.sec.gov/Archives/edgar/data/21076/000002107625000039/
CMS,811156,0000811156-26-000004,20251231,tagged,https://www.sec.gov/Archives/edgar/data/811156/000081115626000004/
KO,21344,0001628280-26-010047,20251231,tagged,https://www.sec.gov/Archives/edgar/data/21344/000162828026010047/
CL,21665,0000021665-26-000006,20251231,tagged,https://www.sec.gov/Archives/edgar/data/21665/000002166526000006/
FIX,1035983,0001104659-26-017530,20251231,tagged,https://www.sec.gov/Archives/edgar/data/1035983/000110465926017530/
COP,1163165,0001163165-26-000009,20251231,tagged,https://www.sec.gov/Archives/edgar/data/1163165/000116316526000009/
ED,1047862,0001047862-26-000031,20251231,tagged,https://www.sec.gov/Archives/edgar/data/1047862/000104786226000031/
STZ,16918,0000016918-26-000011,20260228,tagged,https://www.sec.gov/Archives/edgar/data/16918/000001691826000011/
CEG,1868275,0001868275-26-000032,20251231,untagged,https://www.sec.gov/Archives/edgar/data/1868275/000186827526000032/
CPRT,900075,0001628280-25-042946,20250731,tagged,https://www.sec.gov/Archives/edgar/data/900075/000162828025042946/
CTVA,1755672,0001755672-26-000004,20251231,tagged,https://www.sec.gov/Archives/edgar/data/1755672/000175567226000004/
COST,909832,0000909832-25-000101,20250831,tagged,https://www.sec.gov/Archives/edgar/data/909832/000090983225000101/
CRH,849395,0001628280-26-009043,20251231,tagged,https://www.sec.gov/Archives/edgar/data/849395/000162828026009043/
CSX,277948,0000277948-26-000006,20251231,tagged,https://www.sec.gov/Archives/edgar/data/277948/000027794826000006/
CMI,26172,0000026172-26-000009,20251231,tagged,https://www.sec.gov/Archives/edgar/data/26172/000002617226000009/
DRI,940944,0000940944-25-000038,20250531,tagged,https://www.sec.gov/Archives/edgar/data/940944/000094094425000038/
DECK,910521,0001628280-26-037664,20260331,tagged,https://www.sec.gov/Archives/edgar/data/910521/000162828026037664/
DE,315189,0001104659-25-122321,20251031,tagged,https://www.sec.gov/Archives/edgar/data/315189/000110465925122321/
DAL,27904,0000027904-26-000013,20251231,tagged,https://www.sec.gov/Archives/edgar/data/27904/000002790426000013/
DVN,1090012,0001193125-26-056485,20251231,tagged,https://www.sec.gov/Archives/edgar/data/1090012/000119312526056485/
FANG,1539838,0001539838-26-000010,20251231,tagged,https://www.sec.gov/Archives/edgar/data/1539838/000153983826000010/
DG,29534,0001104659-26-032325,20260131,tagged,https://www.sec.gov/Archives/edgar/data/29534/000110465926032325/
DLTR,935703,0000935703-26-000025,20260131,tagged,https://www.sec.gov/Archives/edgar/data/935703/000093570326000025/
D,715957,0001193125-26-063120,20251231,tagged,https://www.sec.gov/Archives/edgar/data/715957/000119312526063120/
DPZ,1286681,0001193125-26-062321,20251231,tagged,https://www.sec.gov/Archives/edgar/data/1286681/000119312526062321/
DASH,1792789,0001792789-26-000013,20251231,tagged,https://www.sec.gov/Archives/edgar/data/1792789/000179278926000013/
DOV,29905,0000029905-26-000009,20251231,tagged,https://www.sec.gov/Archives/edgar/data/29905/000002990526000009/
DOW,1751788,0001751788-26-000018,20251231,tagged,https://www.sec.gov/Archives/edgar/data/1751788/000175178826000018/
DHI,882184,0000882184-25-000081,20250930,tagged,https://www.sec.gov/Archives/edgar/data/882184/000088218425000081/
DTE,936340,0000936340-26-000054,20251231,tagged,https://www.sec.gov/Archives/edgar/data/936340/000093634026000054/
DUK,1326160,0001326160-26-000014,20251231,tagged,https://www.sec.gov/Archives/edgar/data/1326160/000132616026000014/
DD,1666700,0001666700-26-000013,20251231,tagged,https://www.sec.gov/Archives/edgar/data/1666700/000166670026000013/
ETN,1551182,0001551182-26-000007,20251231,tagged,https://www.sec.gov/Archives/edgar/data/1551182/000155118226000007/
EBAY,1065088,0001065088-26-000027,20251231,tagged,https://www.sec.gov/Archives/edgar/data/1065088/000106508826000027/
ECL,31462,0001104659-26-018357,20251231,tagged,https://www.sec.gov/Archives/edgar/data/31462/000110465926018357/
EIX,827052,0000827052-26-000012,20251231,untagged,https://www.sec.gov/Archives/edgar/data/827052/000082705226000012/
EME,105634,0000105634-26-000025,20251231,untagged,https://www.sec.gov/Archives/edgar/data/105634/000010563426000025/
EMR,32604,0000032604-25-000087,20250930,tagged,https://www.sec.gov/Archives/edgar/data/32604/000003260425000087/
ETR,65984,0000065984-26-000174,20251231,tagged,https://www.sec.gov/Archives/edgar/data/65984/000006598426000174/
EOG,821189,0000821189-26-000054,20251231,tagged,https://www.sec.gov/Archives/edgar/data/821189/000082118926000054/
EQT,33213,0000033213-26-000018,20251231,tagged,https://www.sec.gov/Archives/edgar/data/33213/000003321326000018/
EFX,33185,0000033185-26-000010,20251231,tagged,https://www.sec.gov/Archives/edgar/data/33185/000003318526000010/
EL,1001250,0001001250-25-000099,20250630,untagged,https://www.sec.gov/Archives/edgar/data/1001250/000100125025000099/
EVRG,1711269,0001711269-26-000017,20251231,tagged,https://www.sec.gov/Archives/edgar/data/1711269/000171126926000017/
ES,72741,0001628280-26-008461,20251231,tagged,https://www.sec.gov/Archives/edgar/data/72741/000162828026008461/
EXC,1109357,0001109357-26-000018,20251231,tagged,https://www.sec.gov/Archives/edgar/data/1109357/000110935726000018/
EXE,895126,0000895126-26-000011,20251231,tagged,https://www.sec.gov/Archives/edgar/data/895126/000089512626000011/
EXPE,1324424,0001324424-26-000008,20251231,tagged,https://www.sec.gov/Archives/edgar/data/1324424/000132442426000008/
EXPD,746515,0001193125-26-071569,20251231,tagged,https://www.sec.gov/Archives/edgar/data/746515/000119312526071569/
XOM,2115436,,,no-10k,
FAST,815556,0000815556-26-000009,20251231,untagged,https://www.sec.gov/Archives/edgar/data/815556/000081555626000009/
FDX,1048911,0001048911-25-000011,20250531,tagged,https://www.sec.gov/Archives/edgar/data/1048911/000104891125000011/
FDXF,2082247,,,no-10k,
FERG,2011641,0002011641-25-000027,20250731,tagged,https://www.sec.gov/Archives/edgar/data/2011641/000201164125000027/
FE,1031296,0001031296-26-000046,20251231,tagged,https://www.sec.gov/Archives/edgar/data/1031296/000103129626000046/
F,37996,0000037996-26-000015,20251231,tagged,https://www.sec.gov/Archives/edgar/data/37996/000003799626000015/
FTV,1659166,0001659166-26-000007,20251231,tagged,https://www.sec.gov/Archives/edgar/data/1659166/000165916626000007/
FCX,831259,0000831259-26-000012,20251231,tagged,https://www.sec.gov/Archives/edgar/data/831259/000083125926000012/
GRMN,1121788,0001193125-26-056028,20251231,tagged,https://www.sec.gov/Archives/edgar/data/1121788/000119312526056028/
GE,40545,0000040545-26-000008,20251231,tagged,https://www.sec.gov/Archives/edgar/data/40545/000004054526000008/
GEV,1996810,0001996810-26-000015,20251231,tagged,https://www.sec.gov/Archives/edgar/data/1996810/000199681026000015/
GNRC,1474735,0001437749-26-004568,20251231,tagged,https://www.sec.gov/Archives/edgar/data/1474735/000143774926004568/
GD,40533,0000040533-26-000006,20251231,tagged,https://www.sec.gov/Archives/edgar/data/40533/000004053326000006/
GIS,40704,0001193125-25-147079,20250531,tagged,https://www.sec.gov/Archives/edgar/data/40704/000119312525147079/
GM,1467858,0001467858-26-000013,20251231,tagged,https://www.sec.gov/Archives/edgar/data/1467858/000146785826000013/
GPC,40987,0000040987-26-000003,20251231,tagged,https://www.sec.gov/Archives/edgar/data/40987/000004098726000003/
HAL,45012,0000045012-26-000015,20251231,tagged,https://www.sec.gov/Archives/edgar/data/45012/000004501226000015/
HAS,46080,0000046080-26-000011,20251231,tagged,https://www.sec.gov/Archives/edgar/data/46080/000004608026000011/
HSY,47111,0001628280-26-008586,20251231,tagged,https://www.sec.gov/Archives/edgar/data/47111/000162828026008586/
HLT,1585689,0001585689-26-000007,20251231,tagged,https://www.sec.gov/Archives/edgar/data/1585689/000158568926000007/
HD,354950,0001628280-26-019436,20260131,tagged,https://www.sec.gov/Archives/edgar/data/354950/000162828026019436/
HONA,2089271,,,no-10k,
HON,773840,0000773840-26-000013,20251231,tagged,https://www.sec.gov/Archives/edgar/data/773840/000077384026000013/
HRL,48465,0000048465-25-000059,20251031,tagged,https://www.sec.gov/Archives/edgar/data/48465/000004846525000059/
HWM,4281,0000004281-26-000012,20251231,tagged,https://www.sec.gov/Archives/edgar/data/4281/000000428126000012/
HUBB,48898,0001628280-26-007500,20251231,tagged,https://www.sec.gov/Archives/edgar/data/48898/000162828026007500/
HII,1501585,0001501585-26-000006,20251231,tagged,https://www.sec.gov/Archives/edgar/data/1501585/000150158526000006/
IEX,832101,0000832101-26-000003,20251231,tagged,https://www.sec.gov/Archives/edgar/data/832101/000083210126000003/
ITW,49826,0000049826-26-000008,20251231,tagged,https://www.sec.gov/Archives/edgar/data/49826/000004982626000008/
IR,1699150,0001628280-26-008617,20251231,tagged,https://www.sec.gov/Archives/edgar/data/1699150/000162828026008617/
IFF,51253,0000051253-26-000006,20251231,tagged,https://www.sec.gov/Archives/edgar/data/51253/000005125326000006/
IP,51434,0000051434-26-000055,20251231,tagged,https://www.sec.gov/Archives/edgar/data/51434/000005143426000055/
JBHT,728535,0001437749-26-005294,20251231,tagged,https://www.sec.gov/Archives/edgar/data/728535/000143774926005294/
J,52988,0001628280-25-053316,20250930,tagged,https://www.sec.gov/Archives/edgar/data/52988/000162828025053316/
JCI,833444,0000833444-25-000097,20250930,tagged,https://www.sec.gov/Archives/edgar/data/833444/000083344425000097/
KVUE,1944048,0001944048-26-000030,20251231,tagged,https://www.sec.gov/Archives/edgar/data/1944048/000194404826000030/
KDP,1418135,0001418135-26-000016,20251231,tagged,https://www.sec.gov/Archives/edgar/data/1418135/000141813526000016/
KMB,55785,0001628280-26-007567,20251231,tagged,https://www.sec.gov/Archives/edgar/data/55785/000162828026007567/
KMI,1506307,0001506307-26-000011,20251231,tagged,https://www.sec.gov/Archives/edgar/data/1506307/000150630726000011/
KHC,1637459,0001637459-26-000009,20251231,tagged,https://www.sec.gov/Archives/edgar/data/1637459/000163745926000009/
KR,56873,0001104659-26-037723,20260131,tagged,https://www.sec.gov/Archives/edgar/data/56873/000110465926037723/
LHX,202058,0000202058-26-000015,20251231,tagged,https://www.sec.gov/Archives/edgar/data/202058/000020205826000015/
LVS,1300514,0001300514-26-000013,20251231,tagged,https://www.sec.gov/Archives/edgar/data/1300514/000130051426000013/
LDOS,1336920,0001336920-26-000030,20251231,tagged,https://www.sec.gov/Archives/edgar/data/1336920/000133692026000030/
LEN,920760,0001628280-26-003870,20251130,tagged,https://www.sec.gov/Archives/edgar/data/920760/000162828026003870/
LII,1069202,0001069202-26-000028,20251231,tagged,https://www.sec.gov/Archives/edgar/data/1069202/000106920226000028/
LIN,1707925,0001628280-26-011430,20251231,tagged,https://www.sec.gov/Archives/edgar/data/1707925/000162828026011430/
LMT,936468,0001628280-26-004195,20251231,tagged,https://www.sec.gov/Archives/edgar/data/936468/000162828026004195/
LOW,60667,0000060667-26-000029,20260131,tagged,https://www.sec.gov/Archives/edgar/data/60667/000006066726000029/
LULU,1397187,0001397187-26-000020,20260131,tagged,https://www.sec.gov/Archives/edgar/data/1397187/000139718726000020/
LYB,1489393,0001489393-26-000012,20251231,untagged,https://www.sec.gov/Archives/edgar/data/1489393/000148939326000012/
MPC,1510295,0001510295-26-000009,20251231,tagged,https://www.sec.gov/Archives/edgar/data/1510295/000151029526000009/
MAR,1048286,0001048286-26-000007,20251231,tagged,https://www.sec.gov/Archives/edgar/data/1048286/000104828626000007/
MLM,916076,0001193125-26-059193,20251231,tagged,https://www.sec.gov/Archives/edgar/data/916076/000119312526059193/
MAS,62996,0000062996-26-000005,20251231,tagged,https://www.sec.gov/Archives/edgar/data/62996/000006299626000005/
MKC,63754,0000063754-26-000037,20251130,tagged,https://www.sec.gov/Archives/edgar/data/63754/000006375426000037/
MCD,63908,0000063908-26-000035,20251231,tagged,https://www.sec.gov/Archives/edgar/data/63908/000006390826000035/
MGM,789570,0000789570-26-000018,20251231,tagged,https://www.sec.gov/Archives/edgar/data/789570/000078957026000018/
TAP,24545,0000024545-26-000006,20251231,tagged,https://www.sec.gov/Archives/edgar/data/24545/000002454526000006/
MDLZ,1103982,0001628280-26-005345,20251231,tagged,https://www.sec.gov/Archives/edgar/data/1103982/000162828026005345/
MNST,865752,0001104659-26-020831,20251231,tagged,https://www.sec.gov/Archives/edgar/data/865752/000110465926020831/
MOS,1285785,0001285785-26-000017,20251231,tagged,https://www.sec.gov/Archives/edgar/data/1285785/000128578526000017/
NEM,1164727,0001164727-26-000010,20251231,tagged,https://www.sec.gov/Archives/edgar/data/1164727/000116472726000010/
NEE,753308,0000753308-26-000015,20251231,untagged,https://www.sec.gov/Archives/edgar/data/753308/000075330826000015/
NKE,320187,0000320187-25-000047,20250531,tagged,https://www.sec.gov/Archives/edgar/data/320187/000032018725000047/
NI,1111711,0001111711-26-000027,20251231,tagged,https://www.sec.gov/Archives/edgar/data/1111711/000111171126000027/
NDSN,72331,0000072331-25-000144,20251031,tagged,https://www.sec.gov/Archives/edgar/data/72331/000007233125000144/
NSC,702165,0001628280-26-006268,20251231,tagged,https://www.sec.gov/Archives/edgar/data/702165/000162828026006268/
NOC,1133421,0001133421-26-000003,20251231,tagged,https://www.sec.gov/Archives/edgar/data/1133421/000113342126000003/
NCLH,1513761,0001104659-26-022067,20251231,tagged,https://www.sec.gov/Archives/edgar/data/1513761/000110465926022067/
NRG,1013871,0001013871-26-000004,20251231,tagged,https://www.sec.gov/Archives/edgar/data/1013871/000101387126000004/
NUE,73309,0001193125-26-071575,20251231,tagged,https://www.sec.gov/Archives/edgar/data/73309/000119312526071575/
NVR,906163,0000906163-26-000018,20251231,tagged,https://www.sec.gov/Archives/edgar/data/906163/000090616326000018/
ORLY,898173,0000898173-26-000009,20251231,tagged,https://www.sec.gov/Archives/edgar/data/898173/000089817326000009/
OXY,797468,0001628280-26-009059,20251231,untagged,https://www.sec.gov/Archives/edgar/data/797468/000162828026009059/
ODFL,878927,0001193125-26-067161,20251231,tagged,https://www.sec.gov/Archives/edgar/data/878927/000119312526067161/
OKE,1039684,0001039684-26-000006,20251231,tagged,https://www.sec.gov/Archives/edgar/data/1039684/000103968426000006/
OTIS,1781335,0001781335-26-000011,20251231,tagged,https://www.sec.gov/Archives/edgar/data/1781335/000178133526000011/
PCAR,75362,0001193125-26-057025,20251231,tagged,https://www.sec.gov/Archives/edgar/data/75362/000119312526057025/
PKG,75677,0001193125-26-074129,20251231,tagged,https://www.sec.gov/Archives/edgar/data/75677/000119312526074129/
PH,76334,0000076334-25-000035,20250630,tagged,https://www.sec.gov/Archives/edgar/data/76334/000007633425000035/
PAYX,723531,0000950170-25-095300,20250531,tagged,https://www.sec.gov/Archives/edgar/data/723531/000095017025095300/
PNR,77360,0000077360-26-000007,20251231,tagged,https://www.sec.gov/Archives/edgar/data/77360/000007736026000007/
PEP,77476,0000077476-26-000007,20251231,tagged,https://www.sec.gov/Archives/edgar/data/77476/000007747626000007/
PCG,1004980,0001004980-26-000009,20251231,tagged,https://www.sec.gov/Archives/edgar/data/1004980/000100498026000009/
PM,1413329,0001628280-26-005939,20251231,tagged,https://www.sec.gov/Archives/edgar/data/1413329/000162828026005939/
PSX,1534701,0001534701-26-000006,20251231,tagged,https://www.sec.gov/Archives/edgar/data/1534701/000153470126000006/
PNW,764622,0000764622-26-000011,20251231,untagged,https://www.sec.gov/Archives/edgar/data/764622/000076462226000011/
PPG,79879,0000079879-26-000046,20251231,tagged,https://www.sec.gov/Archives/edgar/data/79879/000007987926000046/
PPL,922224,0000922224-26-000008,20251231,tagged,https://www.sec.gov/Archives/edgar/data/922224/000092222426000008/
PG,80424,0000080424-25-000076,20250630,tagged,https://www.sec.gov/Archives/edgar/data/80424/000008042425000076/
PEG,788784,0001193125-26-077446,20251231,tagged,https://www.sec.gov/Archives/edgar/data/788784/000119312526077446/
PHM,822416,0000822416-26-000007,20251231,tagged,https://www.sec.gov/Archives/edgar/data/822416/000082241626000007/
PWR,1050915,0001050915-26-000006,20251231,tagged,https://www.sec.gov/Archives/edgar/data/1050915/000105091526000006/
RL,1037038,0001628280-26-037074,20260331,tagged,https://www.sec.gov/Archives/edgar/data/1037038/000162828026037074/
RTX,101829,0000101829-26-000006,20251231,tagged,https://www.sec.gov/Archives/edgar/data/101829/000010182926000006/
RSG,1060391,0001060391-26-000094,20251231,tagged,https://www.sec.gov/Archives/edgar/data/1060391/000106039126000094/
ROK,1024478,0001024478-25-000116,20250930,tagged,https://www.sec.gov/Archives/edgar/data/1024478/000102447825000116/
ROL,84839,0000084839-26-000008,20251231,tagged,https://www.sec.gov/Archives/edgar/data/84839/000008483926000008/
ROST,745732,0000745732-26-000006,20260131,tagged,https://www.sec.gov/Archives/edgar/data/745732/000074573226000006/
RCL,884887,0000884887-26-000007,20251231,tagged,https://www.sec.gov/Archives/edgar/data/884887/000088488726000007/
SLB,87347,0001193125-26-021017,20251231,tagged,https://www.sec.gov/Archives/edgar/data/87347/000119312526021017/
SRE,1032208,0001032208-26-000010,20251231,tagged,https://www.sec.gov/Archives/edgar/data/1032208/000103220826000010/
SHW,89800,0000089800-26-000008,20251231,tagged,https://www.sec.gov/Archives/edgar/data/89800/000008980026000008/
SJM,91419,0000091419-26-000050,20260430,tagged,https://www.sec.gov/Archives/edgar/data/91419/000009141926000050/
SW,2005951,0001628280-26-012555,20251231,untagged,https://www.sec.gov/Archives/edgar/data/2005951/000162828026012555/
SNA,91440,0000091440-26-000045,20251231,tagged,https://www.sec.gov/Archives/edgar/data/91440/000009144026000045/
SO,92122,0000092122-26-000006,20251231,tagged,https://www.sec.gov/Archives/edgar/data/92122/000009212226000006/
LUV,92380,0000092380-26-000004,20251231,tagged,https://www.sec.gov/Archives/edgar/data/92380/000009238026000004/
SWK,93556,0000093556-26-000009,20251231,tagged,https://www.sec.gov/Archives/edgar/data/93556/000009355626000009/
SBUX,829224,0000829224-25-000114,20250930,tagged,https://www.sec.gov/Archives/edgar/data/829224/000082922425000114/
STLD,1022671,0001104659-26-021395,20251231,untagged,https://www.sec.gov/Archives/edgar/data/1022671/000110465926021395/
SYY,96021,0000096021-25-000099,20250630,tagged,https://www.sec.gov/Archives/edgar/data/96021/000009602125000099/
TPR,1116132,0001116132-25-000019,20250630,tagged,https://www.sec.gov/Archives/edgar/data/1116132/000111613225000019/
TRGP,1389170,0001193125-26-059296,20251231,tagged,https://www.sec.gov/Archives/edgar/data/1389170/000119312526059296/
TGT,27419,0000027419-26-000016,20260131,tagged,https://www.sec.gov/Archives/edgar/data/27419/000002741926000016/
TSLA,1318605,0001628280-26-003952,20251231,tagged,https://www.sec.gov/Archives/edgar/data/1318605/000162828026003952/
TPL,1811074,0001811074-26-000018,20251231,tagged,https://www.sec.gov/Archives/edgar/data/1811074/000181107426000018/
TXT,217346,0000217346-26-000006,20251231,tagged,https://www.sec.gov/Archives/edgar/data/217346/000021734626000006/
TJX,109198,0000109198-26-000008,20260131,tagged,https://www.sec.gov/Archives/edgar/data/109198/000010919826000008/
TSCO,916365,0000916365-26-000014,20251231,tagged,https://www.sec.gov/Archives/edgar/data/916365/000091636526000014/
TT,1466258,0001628280-26-005731,20251231,tagged,https://www.sec.gov/Archives/edgar/data/1466258/000162828026005731/
TDG,1260221,0001260221-25-000081,20250930,tagged,https://www.sec.gov/Archives/edgar/data/1260221/000126022125000081/
TSN,100493,0000100493-25-000095,20250930,tagged,https://www.sec.gov/Archives/edgar/data/100493/000010049325000095/
UBER,1543151,0001543151-26-000015,20251231,tagged,https://www.sec.gov/Archives/edgar/data/1543151/000154315126000015/
ULTA,1403568,0001104659-26-035243,20260131,untagged,https://www.sec.gov/Archives/edgar/data/1403568/000110465926035243/
UNP,100885,0000100885-26-000037,20251231,tagged,https://www.sec.gov/Archives/edgar/data/100885/000010088526000037/
UAL,100517,0000100517-26-000023,20251231,tagged,https://www.sec.gov/Archives/edgar/data/100517/000010051726000023/
UPS,1090727,0001628280-26-008432,20251231,tagged,https://www.sec.gov/Archives/edgar/data/1090727/000162828026008432/
URI,1067701,0001067701-26-000007,20251231,tagged,https://www.sec.gov/Archives/edgar/data/1067701/000106770126000007/
VLO,1035002,0001628280-26-011499,20251231,tagged,https://www.sec.gov/Archives/edgar/data/1035002/000162828026011499/
VLTO,1967680,0001967680-26-000011,20251231,tagged,https://www.sec.gov/Archives/edgar/data/1967680/000196768026000011/
VRSK,1442145,0001437749-26-004452,20251231,untagged,https://www.sec.gov/Archives/edgar/data/1442145/000143774926004452/
VRT,1674101,0001674101-26-000008,20251231,tagged,https://www.sec.gov/Archives/edgar/data/1674101/000167410126000008/
VST,1692819,0001692819-26-000006,20251231,tagged,https://www.sec.gov/Archives/edgar/data/1692819/000169281926000006/
VMC,1396009,0001628280-26-009546,20251231,tagged,https://www.sec.gov/Archives/edgar/data/1396009/000162828026009546/
GWW,277135,0000277135-26-000011,20251231,tagged,https://www.sec.gov/Archives/edgar/data/277135/000027713526000011/
WAB,943452,0001628280-26-008067,20251231,tagged,https://www.sec.gov/Archives/edgar/data/943452/000162828026008067/
WMT,104169,0000104169-26-000055,20260131,tagged,https://www.sec.gov/Archives/edgar/data/104169/000010416926000055/
WM,823768,0001104659-26-012049,20251231,tagged,https://www.sec.gov/Archives/edgar/data/823768/000110465926012049/
WEC,783325,0000783325-26-000018,20251231,tagged,https://www.sec.gov/Archives/edgar/data/783325/000078332526000018/
WSM,719955,0000719955-26-000059,20260131,tagged,https://www.sec.gov/Archives/edgar/data/719955/000071995526000059/
WMB,107263,0000107263-26-000006,20251231,tagged,https://www.sec.gov/Archives/edgar/data/107263/000010726326000006/
WYNN,1174922,0001174922-26-000013,20251231,tagged,https://www.sec.gov/Archives/edgar/data/1174922/000117492226000013/
XEL,72903,0000072903-26-000009,20251231,untagged,https://www.sec.gov/Archives/edgar/data/72903/000007290326000009/
XYL,1524472,0001524472-26-000012,20251231,tagged,https://www.sec.gov/Archives/edgar/data/1524472/000152447226000012/
YUM,1041061,0001041061-26-000084,20251231,tagged,https://www.sec.gov/Archives/edgar/data/1041061/000104106126000084/
